{"cameraMode":{"drawMode":0,"name":"Shaded","section":"Shading Mode"},"sceneLighting":true,"audioPlay":false,"sceneViewState":{"showFog":true,"showMaterialUpdate":false,"showSkybox":true,"showFlares":true,"showImageEffects":true,"showParticleSystems":true},"in2DMode":false,"pivot":{"x":-0.9895002841949463,"y":1.7346504926681519,"z":0.30285215377807619},"rotation":{"x":0.24276970326900483,"y":0.07644394040107727,"z":-0.0191942248493433,"w":0.9668809175491333},"size":1.5073950290679932,"orthographic":false}