{"cameraMode":{"drawMode":0,"name":"Shaded","section":"Shading Mode"},"sceneLighting":true,"audioPlay":false,"sceneViewState":{"showFog":true,"showMaterialUpdate":false,"showSkybox":true,"showFlares":true,"showImageEffects":true,"showParticleSystems":true},"in2DMode":false,"pivot":{"x":-3.485405683517456,"y":2.0555055141448976,"z":22.13135528564453},"rotation":{"x":0.22539563477039338,"y":0.13193006813526154,"z":-0.030820287764072419,"w":0.9648113250732422},"size":0.7451626658439636,"orthographic":false}