{"cameraMode":{"drawMode":0,"name":"Shaded","section":"Shading Mode"},"sceneLighting":true,"audioPlay":false,"sceneViewState":{"showFog":true,"showMaterialUpdate":false,"showSkybox":true,"showFlares":true,"showImageEffects":true,"showParticleSystems":true,"showVisualEffectGraphs":true,"m_FxEnabled":true},"in2DMode":false,"pivot":{"x":0.2467963695526123,"y":1.2123925685882569,"z":56.12668991088867},"rotation":{"x":-0.07337884604930878,"y":-0.03858986869454384,"z":0.0028411915991455318,"w":-0.996556282043457},"size":5.930222988128662,"orthographic":true}