{"cameraMode":{"drawMode":0,"name":"Shaded","section":"Shading Mode"},"sceneLighting":true,"audioPlay":false,"sceneViewState":{"showFog":true,"showMaterialUpdate":false,"showSkybox":true,"showFlares":true,"showImageEffects":true,"showParticleSystems":true,"showVisualEffectGraphs":true,"m_FxEnabled":true},"in2DMode":false,"pivot":{"x":-3.5214619636535646,"y":4.904786109924316,"z":50.82655334472656},"rotation":{"x":-0.09616264700889588,"y":0.003891272936016321,"z":-0.00038799733738414943,"w":-0.9953939914703369},"size":25.477275848388673,"orthographic":false}